{"cameraMode":{"drawMode":0,"name":"Shaded","section":"Shading Mode"},"sceneLighting":false,"audioPlay":false,"sceneViewState":{"showFog":true,"showMaterialUpdate":true,"showSkybox":true,"showFlares":true,"showImageEffects":true,"showParticleSystems":true},"in2DMode":false,"pivot":{"x":0.08789008855819702,"y":1.148207187652588,"z":-0.7853989005088806},"rotation":{"x":0.08930046856403351,"y":-0.8990938067436218,"z":0.3692767918109894,"w":0.21746373176574708},"size":11.068511009216309,"orthographic":false}