{"cameraMode":{"drawMode":0,"name":"Shaded","section":"Shading Mode"},"sceneLighting":false,"audioPlay":false,"sceneViewState":{"showFog":true,"showMaterialUpdate":true,"showSkybox":false,"showFlares":true,"showImageEffects":true,"showParticleSystems":true},"in2DMode":false,"pivot":{"x":183.66476440429688,"y":240.3636474609375,"z":-6.67974853515625},"rotation":{"x":-0.01378761325031519,"y":0.014690191484987736,"z":0.00023669320216868073,"w":0.9997970461845398},"size":662.4667358398438,"orthographic":false}