{"cameraMode":{"drawMode":0,"name":"Shaded","section":"Shading Mode"},"sceneLighting":false,"audioPlay":false,"sceneViewState":{"showFog":true,"showMaterialUpdate":true,"showSkybox":true,"showFlares":true,"showImageEffects":true,"showParticleSystems":true},"in2DMode":false,"pivot":{"x":-2.5508270263671877,"y":148.94784545898438,"z":-32.651092529296878},"rotation":{"x":-0.052319202572107318,"y":0.2645988166332245,"z":0.014395131729543209,"w":0.9628307223320007},"size":987.5122680664063,"orthographic":false}