{"cameraMode":{"drawMode":0,"name":"Shaded","section":"Shading Mode"},"sceneLighting":false,"audioPlay":false,"sceneViewState":{"showFog":true,"showMaterialUpdate":false,"showSkybox":true,"showFlares":true,"showImageEffects":true,"showParticleSystems":true},"in2DMode":false,"pivot":{"x":-0.004746146500110626,"y":0.16106392443180085,"z":-0.000054076313972473145},"rotation":{"x":-0.09180338680744171,"y":0.43591034412384035,"z":-0.04475417733192444,"w":-0.8941763639450073},"size":0.9718665480613709,"orthographic":false}