{"cameraMode":{"drawMode":0,"name":"Shaded","section":"Shading Mode"},"sceneLighting":false,"audioPlay":false,"sceneViewState":{"showFog":true,"showMaterialUpdate":true,"showSkybox":false,"showFlares":true,"showImageEffects":true,"showParticleSystems":true},"in2DMode":false,"pivot":{"x":135.55177307128907,"y":292.86077880859377,"z":-16.32464599609375},"rotation":{"x":-0.01378761325031519,"y":0.014690191484987736,"z":0.00023669320216868073,"w":0.9997970461845398},"size":595.478515625,"orthographic":false}