{"cameraMode":{"drawMode":0,"name":"Shaded","section":"Shading Mode"},"sceneLighting":false,"audioPlay":false,"sceneViewState":{"showFog":true,"showMaterialUpdate":true,"showSkybox":true,"showFlares":true,"showImageEffects":true,"showParticleSystems":true},"in2DMode":false,"pivot":{"x":3.5156021118164064,"y":45.92828369140625,"z":-31.41595458984375},"rotation":{"x":0.08930046856403351,"y":-0.8990938067436218,"z":0.3692767918109894,"w":0.21746373176574708},"size":442.74041748046877,"orthographic":false}