{"cameraMode":{"drawMode":0,"name":"Shaded","section":"Shading Mode"},"sceneLighting":false,"audioPlay":false,"sceneViewState":{"showFog":true,"showMaterialUpdate":true,"showSkybox":true,"showFlares":true,"showImageEffects":true,"showParticleSystems":true},"in2DMode":false,"pivot":{"x":144.55636596679688,"y":273.1418762207031,"z":13.739593505859375},"rotation":{"x":0.016207708045840265,"y":0.014691381715238095,"z":-0.0002216919674538076,"w":0.9997607469558716},"size":521.8157958984375,"orthographic":false}