{"cameraMode":{"drawMode":0,"name":"Shaded","section":"Shading Mode"},"sceneLighting":false,"audioPlay":false,"sceneViewState":{"showFog":true,"showMaterialUpdate":true,"showSkybox":true,"showFlares":true,"showImageEffects":true,"showParticleSystems":true},"in2DMode":false,"pivot":{"x":0.01757800579071045,"y":0.22964142262935639,"z":-0.1570797562599182},"rotation":{"x":0.002225844655185938,"y":-0.997492790222168,"z":-0.060211554169654849,"w":-0.03711865842342377},"size":2.2137019634246828,"orthographic":false}