{"cameraMode":{"drawMode":0,"name":"Shaded","section":"Shading Mode"},"sceneLighting":false,"audioPlay":false,"sceneViewState":{"showFog":true,"showMaterialUpdate":true,"showSkybox":false,"showFlares":true,"showImageEffects":true,"showParticleSystems":true},"in2DMode":false,"pivot":{"x":157.93328857421876,"y":247.48678588867188,"z":0.73834228515625},"rotation":{"x":-0.01378761325031519,"y":0.014690191484987736,"z":0.00023669320216868073,"w":0.9997970461845398},"size":418.6676025390625,"orthographic":false}