{"cameraMode":{"drawMode":0,"name":"Shaded","section":"Shading Mode"},"sceneLighting":false,"audioPlay":false,"sceneViewState":{"showFog":true,"showMaterialUpdate":true,"showSkybox":true,"showFlares":true,"showImageEffects":true,"showParticleSystems":true},"in2DMode":false,"pivot":{"x":0.01757800579071045,"y":0.2296413779258728,"z":-0.1570797562599182},"rotation":{"x":0.12464790791273117,"y":-0.10692784190177918,"z":0.0135279456153512,"w":0.9863297343254089},"size":2.2137019634246828,"orthographic":false}