{"cameraMode":{"drawMode":0,"name":"Shaded","section":"Shading Mode"},"sceneLighting":false,"audioPlay":false,"sceneViewState":{"showFog":true,"showMaterialUpdate":true,"showSkybox":false,"showFlares":true,"showImageEffects":true,"showParticleSystems":true},"in2DMode":false,"pivot":{"x":164.65234375,"y":450.255615234375,"z":-7.440680503845215},"rotation":{"x":-0.016781844198703767,"y":-0.031798142939805987,"z":-0.0004998522344976664,"w":0.999353289604187},"size":287.9010314941406,"orthographic":false}