{"cameraMode":{"drawMode":0,"name":"Shaded","section":"Shading Mode"},"sceneLighting":false,"audioPlay":false,"sceneViewState":{"showFog":true,"showMaterialUpdate":true,"showSkybox":true,"showFlares":true,"showImageEffects":true,"showParticleSystems":true},"in2DMode":false,"pivot":{"x":-1.8984642028808594,"y":64.42556762695313,"z":-0.02162933349609375},"rotation":{"x":0.06935561448335648,"y":-0.8417587876319885,"z":0.11152234673500061,"w":0.5236361622810364},"size":388.7466735839844,"orthographic":false}