{"cameraMode":{"drawMode":0,"name":"Shaded","section":"Shading Mode"},"sceneLighting":false,"audioPlay":false,"sceneViewState":{"showFog":true,"showMaterialUpdate":true,"showSkybox":true,"showFlares":true,"showImageEffects":true,"showParticleSystems":true},"in2DMode":false,"pivot":{"x":5.118476867675781,"y":44.49658203125,"z":-29.873458862304689},"rotation":{"x":-0.017571862787008287,"y":-0.9822812676429749,"z":0.1226394847035408,"w":-0.14062145352363587},"size":466.4715881347656,"orthographic":false}