{"cameraMode":{"drawMode":0,"name":"Shaded","section":"Shading Mode"},"sceneLighting":false,"audioPlay":false,"sceneViewState":{"showFog":true,"showMaterialUpdate":true,"showSkybox":true,"showFlares":true,"showImageEffects":true,"showParticleSystems":true},"in2DMode":false,"pivot":{"x":-0.014191806316375733,"y":0.5571048259735107,"z":-0.27844876050949099},"rotation":{"x":0.17726270854473115,"y":-0.007680002599954605,"z":0.0014000856317579747,"w":0.9841326475143433},"size":3.379487991333008,"orthographic":false}