{"cameraMode":{"drawMode":0,"name":"Shaded","section":"Shading Mode"},"sceneLighting":false,"audioPlay":false,"sceneViewState":{"showFog":true,"showMaterialUpdate":true,"showSkybox":true,"showFlares":true,"showImageEffects":true,"showParticleSystems":true},"in2DMode":false,"pivot":{"x":204.38682556152345,"y":253.0308074951172,"z":41.42547607421875},"rotation":{"x":0.01470942609012127,"y":0.004193177446722984,"z":-0.0000452566564490553,"w":0.9998830556869507},"size":710.1193237304688,"orthographic":false}