{"cameraMode":{"drawMode":0,"name":"Shaded","section":"Shading Mode"},"sceneLighting":false,"audioPlay":false,"sceneViewState":{"showFog":true,"showMaterialUpdate":true,"showSkybox":true,"showFlares":true,"showImageEffects":true,"showParticleSystems":true},"in2DMode":false,"pivot":{"x":0.025592386722564698,"y":0.22248291969299317,"z":-0.1493673026561737},"rotation":{"x":-0.017571862787008287,"y":-0.9822812676429749,"z":0.1226394847035408,"w":-0.14062145352363587},"size":2.332357883453369,"orthographic":false}